,Monday,Tuesday,Wednesday,Thursday,Friday,Saturday,Sunday
Cuadrante 1,18.6401221932129,18.4134949712119,18.899669739677,18.8849658352988,18.3555828632094,19.0567394213593,19.0517151722298
Cuadrante 2,18.5952287068049,17.8235080486605,18.3278350270134,17.8168911347653,17.8150260808697,17.5694100334979,17.2383397732517
Cuadrante 3,22.6116379904773,22.4251520205183,23.0763849455893,22.897206762029,23.1397679921198,23.4767924533006,22.3179086012578
Cuadrante 4,22.3296392088604,22.1940529860113,22.2698794128072,22.6568090284516,21.5753940165351,22.9146210401579,21.8843236785765
